detid,road,lat,long,prediction_date,avg_occupancy,peak_occupancy,min_occupancy,peak_hour,predicted_status,hour_00,hour_01,hour_02,hour_03,hour_04,hour_05,hour_06,hour_07,hour_08,hour_09,hour_10,hour_11,hour_12,hour_13,hour_14,hour_15,hour_16,hour_17,hour_18,hour_19,hour_20,hour_21,hour_22,hour_23
01071PMA0005,Rue Maurice Dermerguerian,43.3041749,5.4257172,2026-01-02,0.9940707430372521,1.0,0.8576978328940498,0,Macet,1.0,1.0,1.0,0.8576978328940498,1.0,1.0,1.0,1.0,1.0,1.0,1.0,1.0,1.0,1.0,1.0,1.0,1.0,1.0,1.0,1.0,1.0,1.0,1.0,1.0
01006PMA0001,Boulevard Chave,43.2956152,5.3980221,2026-01-02,0.8015048324031856,1.0,0.3361789385630846,8,Macet,0.5692356738993111,0.5342054796625442,0.4441743866373147,0.3503814910260175,0.3361789385630846,0.45044772928613014,0.6720406440414647,0.9282579168682719,1.0,1.0,1.0,1.0,1.0,1.0,1.0,1.0,1.0,1.0,1.0,1.0,1.0,0.7849619373982227,0.6136100075569276,0.5526217727371658
00701PMA0003,Rue du Chantier,43.2927103,5.368731,2026-01-02,0.0,0.0,0.0,0,Lancar,0.0,0.0,0.0,0.0,0.0,0.0,0.0,0.0,0.0,0.0,0.0,0.0,0.0,0.0,0.0,0.0,0.0,0.0,0.0,0.0,0.0,0.0,0.0,0.0
01006PMA0003,Rue du Docteur Simone Sedan,43.2955108,5.3978786,2026-01-02,0.7759610583264321,1.0,0.28076594694378937,8,Macet,0.46188349929822337,0.6289955025449397,0.7548991889005141,0.7874466651902271,0.7524559787881941,0.7274663387358162,0.7763556765844317,0.896696052136073,1.0,1.0,1.0,0.8802660457046093,0.7606810602444762,0.7209983363050152,0.7826436618190143,0.9145595289676325,1.0,1.0,1.0,0.9682130829407487,0.7331870706109886,0.4835691957177191,0.3119825684019572,0.28076594694378937
01029PMA0021,Rue Robert,43.2924936,5.3669688,2026-01-02,1.0,1.0,1.0,0,Macet,1.0,1.0,1.0,1.0,1.0,1.0,1.0,1.0,1.0,1.0,1.0,1.0,1.0,1.0,1.0,1.0,1.0,1.0,1.0,1.0,1.0,1.0,1.0,1.0
00021PMA0001,Boulevard Michelet,43.2707374,5.3923908,2026-01-02,0.8382298422934626,1.0,0.15885961559160594,7,Macet,0.7921561569528422,0.6768409291087153,0.4118814680929136,0.16994081547481987,0.15885961559160594,0.44930756130203753,0.929367176397992,1.0,1.0,1.0,1.0,1.0,1.0,1.0,1.0,1.0,1.0,1.0,1.0,1.0,1.0,1.0,0.7853388447566558,0.7438236473655215
00120PMA0004,Rue Sainte-Barbe,43.3011806,5.3740043,2026-01-02,0.9024194670758914,1.0,0.28784316364446927,0,Macet,1.0,0.8975215668496529,0.543792767034753,0.28784316364446927,0.2987278236139667,0.6301818886785533,1.0,1.0,1.0,1.0,1.0,1.0,1.0,1.0,1.0,1.0,1.0,1.0,1.0,1.0,1.0,1.0,1.0,1.0
00096PMA0001,Boulevard National,43.3066069,5.382936,2026-01-02,0.039637548238268844,0.05628744834193901,0.005765053941971308,16,Lancar,0.04051418037220282,0.029717140210897164,0.016926348298931217,0.007522271575961484,0.005765053941971308,0.012230750664381321,0.023636977883224625,0.03503931605805422,0.042711119623761756,0.04576900428833162,0.04580089756269644,0.04524847279081268,0.045886875558651175,0.04820340862801721,0.05157237591818093,0.05472846412769599,0.05628744834193901,0.05537095171638785,0.05224891167276532,0.04850497633973043,0.04622379349761515,0.046416519138354366,0.04780203401668761,0.04717386549120066
00032PMA0002,Quai de Rive Neuve,43.2934648,5.3715031,2026-01-02,0.0,0.0,0.0,0,Lancar,0.0,0.0,0.0,0.0,0.0,0.0,0.0,0.0,0.0,0.0,0.0,0.0,0.0,0.0,0.0,0.0,0.0,0.0,0.0,0.0,0.0,0.0,0.0,0.0
00048PMA0001,Rue de la République,43.3017516,5.3697637,2026-01-02,1.0,1.0,1.0,0,Macet,1.0,1.0,1.0,1.0,1.0,1.0,1.0,1.0,1.0,1.0,1.0,1.0,1.0,1.0,1.0,1.0,1.0,1.0,1.0,1.0,1.0,1.0,1.0,1.0
00987PMA0001,Boulevard Chave,43.2958827,5.4023391,2026-01-02,0.13623582487690591,0.24107059404432024,0.06690784635962398,17,Lancar,0.08848725033243184,0.08233570741770585,0.0733207696289072,0.06690784635962398,0.06738911695114821,0.075505718692784,0.09024883412244175,0.11086581167571447,0.13572015955624694,0.15957958165584116,0.1741157472086616,0.17364788706645967,0.1618515848381304,0.15215905884476175,0.1590571914160416,0.18605385151719905,0.22053818224119828,0.24107059404432024,0.23227891135988218,0.19570900087467547,0.14806839970038246,0.1087487729710149,0.08706533997742118,0.07893447859274798
00591PMA0001,Avenue du Prado,43.2677707,5.3840008,2026-01-02,0.577829672237036,1.0,0.0,9,Macet,0.5466086183457566,0.5092710555979436,0.33525903193173684,0.10519399868711012,0.0,0.06699823040508524,0.3700663612261723,0.7402371242254728,0.9932952298914764,1.0,0.8702888156707903,0.6582441445342476,0.521424903218942,0.518733051018226,0.6253860437794632,0.7724109156930441,0.8911584692910441,0.9343778028889845,0.8803808457512184,0.7392007045638619,0.5603181973417339,0.420411338512546,0.3793523083715595,0.4292949427424459
00483PMA0001,,43.2921129,5.3634873,2026-01-02,0.7818258910862599,1.0,0.06440675277055216,6,Macet,0.6245157832771195,0.6451439012054757,0.4344838142972634,0.13082082000390866,0.06440675277055216,0.47529885069365857,1.0,1.0,1.0,1.0,1.0,1.0,1.0,1.0,1.0,1.0,1.0,1.0,1.0,1.0,0.9683372654275229,0.6311381727190276,0.40206180645592005,0.38761421921978595
00394PMA0001,Avenue du Prado,43.2627863,5.3761232,2026-01-02,0.0,0.0,0.0,0,Lancar,0.0,0.0,0.0,0.0,0.0,0.0,0.0,0.0,0.0,0.0,0.0,0.0,0.0,0.0,0.0,0.0,0.0,0.0,0.0,0.0,0.0,0.0,0.0,0.0
00359PMA0001,Boulevard Romain Rolland,43.2695968,5.4054049,2026-01-02,0.9546508999944434,1.0,0.4429557897755196,0,Macet,1.0,1.0,0.576331455672851,0.4429557897755196,0.9637756169971367,1.0,1.0,1.0,1.0,1.0,1.0,1.0,1.0,1.0,1.0,1.0,1.0,1.0,1.0,1.0,1.0,0.9285587374211317,1.0,1.0
01108PMA0002,Quai du Lazaret,43.3086075,5.3662902,2026-01-02,0.8333333333333334,1.0,0.0,0,Macet,1.0,1.0,1.0,0.0,0.0,1.0,1.0,1.0,1.0,1.0,1.0,1.0,1.0,1.0,1.0,1.0,1.0,1.0,1.0,1.0,1.0,1.0,0.0,0.0
00421PMA0001,Boulevard Berthier,43.2923628,5.4352069,2026-01-02,0.257588705315936,0.48210815920976674,0.031370182720540415,17,Sedang,0.11190897829319073,0.09588470017688079,0.060879577321803144,0.031370182720540415,0.03824650512556959,0.09551213219433141,0.19025503360408444,0.291094770254846,0.3663583359295414,0.39879916626152395,0.3899886364951209,0.3563710244961112,0.3221076843922923,0.31090550124470095,0.3363930607008159,0.3930093920541376,0.453948976738998,0.48210815920976674,0.45126905258015687,0.3643554858997078,0.2541294561610178,0.16320315536000943,0.11662011463039372,0.10740984573692183
00089PMA0001,Boulevard Chave,43.2957929,5.4006547,2026-01-02,0.914217335631232,1.0,0.5128666415816115,0,Macet,1.0,0.943690842813846,0.753235804858185,0.5837763019334197,0.5128666415816115,0.5564743673124959,0.6920824574303933,0.8990896392196145,1.0,1.0,1.0,1.0,1.0,1.0,1.0,1.0,1.0,1.0,1.0,1.0,1.0,1.0,1.0,1.0
00764PMA0003,Boulevard Voltaire,43.3020893,5.3826074,2026-01-02,0.4607242559256479,0.7338045191402777,0.07061981456206538,8,Macet,0.2806585710250687,0.2393879826710649,0.1497993417827333,0.07061981456206538,0.08307559829835016,0.2231173720366149,0.44364408718055365,0.6422561719419906,0.7338045191402777,0.7081739702270871,0.6276633212357797,0.5713644279095795,0.5770405766897707,0.6264905806872889,0.6765699491396321,0.6987590099212007,0.6909746360353298,0.6601109311400442,0.6039522950354037,0.5162761335168797,0.4074310665528392,0.31097360804433816,0.26035927331973757,0.25487890412192016
01071PMA0002,Avenue des Caillols,43.3037651,5.4258513,2026-01-02,0.09001326221635252,0.2440216616877957,0.004034507271663326,18,Lancar,0.0403254560085772,0.03274230879692696,0.014254551070574035,0.004034507271663326,0.012198804337841181,0.031177005525084216,0.04709390626220717,0.05652646539466013,0.06921133524685166,0.09370426436583468,0.12270763050900681,0.1363787290885065,0.1229504129597552,0.09592592114185018,0.08762314200188931,0.12118861497287664,0.1859074701862929,0.24044053926384684,0.2440216616877957,0.18936651938468058,0.10838028249307291,0.045857663420460916,0.024827263208005993,0.03347383859419918
00064PMA0001,Avenue du Prado,43.27631,5.3892258,2026-01-02,0.2701484485031748,0.46058188377293047,0.03729783861041119,17,Sedang,0.1548248528201332,0.14401885873979955,0.10223208949034372,0.05313197117820645,0.03729783861041119,0.08040884951051924,0.17380943411173216,0.2814609644688223,0.36483641523541965,0.4046781515508691,0.4052473888535998,0.38382968446885113,0.35870501798318666,0.34438809241118723,0.3513793746471461,0.3829096759925987,0.4281143351273234,0.46058188377293047,0.450483473712178,0.3857309863924702,0.28527510743824475,0.19008987577632122,0.13530142629004366,0.1248270154938579
00455PMA0021,,43.3132779,5.4052278,2026-01-02,0.077576821974706,0.10242170052584261,0.04593113335981339,17,Lancar,0.05461481709264123,0.05793751987815591,0.06362718675243391,0.06790119057515523,0.06924380090062505,0.0695124959978647,0.07208070482263229,0.07847692438256738,0.08650985342256182,0.09170637069653957,0.09097084255186488,0.08534119617726287,0.07944861285250635,0.07812391704036543,0.08296166270963841,0.0914865875092522,0.0991917994404086,0.10242170052584261,0.09985636817832434,0.092092305431609,0.08057306195231971,0.06720710964991648,0.054626565492642554,0.04593113335981339
00483PMA0003,Rampe Saint-Maurice,43.2918884,5.3631788,2026-01-02,0.04160355754161723,0.9984853809988135,0.0,4,Macet,0.0,0.0,0.0,0.0,0.9984853809988135,0.0,0.0,0.0,0.0,0.0,0.0,0.0,0.0,0.0,0.0,0.0,0.0,0.0,0.0,0.0,0.0,0.0,0.0,0.0
00490PMA0001,Avenue du Maréchal Foch,43.2979246,5.4037165,2026-01-02,0.037569879498126624,0.05742918854023512,0.016106340965217698,17,Lancar,0.025840154344495155,0.02557941865330088,0.022672112885551456,0.018283151965075743,0.016106340965217698,0.019584341831846007,0.028972696917427668,0.040661956884897744,0.04941199933959714,0.05181117773355595,0.04834835089720537,0.042706005021545944,0.03909821570039486,0.039776778938193334,0.04427928044695538,0.0503623408609307,0.055426163883057496,0.05742918854023512,0.05524641913767821,0.04895018455823824,0.04009562672810981,0.03145092673690781,0.02572746692608311,0.023856808058538133
00028PMA0004,Tunnel Saint-Charles,43.2999303,5.3808077,2026-01-02,0.4248900485950142,0.6202249704547919,0.08759369352482363,8,Macet,0.31480279963421054,0.2564893924498492,0.1589209366621523,0.08759369352482363,0.10944676189407537,0.237011975554743,0.4148151351752585,0.5597355045400925,0.6202249704547919,0.6052088784031486,0.5634571240391423,0.5383268491766233,0.5398180671607364,0.5529122113828381,0.5641504014743304,0.5745873917567584,0.5878154708424455,0.5921924741335637,0.5633139091517654,0.4888922979354282,0.3898265248841273,0.31040162076225547,0.28082384245734504,0.28659293282983705
00177PMA0021,Boulevard Françoise Duparc,43.3092633,5.4027978,2026-01-02,0.6593125848825023,0.8899700811563046,0.193478710761974,18,Macet,0.48225704608938763,0.38054805948254844,0.2628861125914884,0.193478710761974,0.23475946548634363,0.3934462543475543,0.6072143777498712,0.7854750675314497,0.8704181174545559,0.8681913510352235,0.8288992205748686,0.7995686772849011,0.793717161647117,0.7989527233339594,0.8050261175056435,0.8181268460973877,0.8472692949487075,0.8818451951732694,0.8899700811563046,0.8441735229435079,0.7492425714956373,0.6412802763117037,0.5551683921037578,0.49158739407289326
00031PMA0002,Boulevard Rabatau,43.2729891,5.3921347,2026-01-02,0.0,0.0,0.0,0,Lancar,0.0,0.0,0.0,0.0,0.0,0.0,0.0,0.0,0.0,0.0,0.0,0.0,0.0,0.0,0.0,0.0,0.0,0.0,0.0,0.0,0.0,0.0,0.0,0.0
00420PMA0021,Boulevard Ferdinand de Lesseps,43.3209102,5.3750637,2026-01-02,1.0,1.0,1.0,0,Macet,1.0,1.0,1.0,1.0,1.0,1.0,1.0,1.0,1.0,1.0,1.0,1.0,1.0,1.0,1.0,1.0,1.0,1.0,1.0,1.0,1.0,1.0,1.0,1.0
00280PMA0001,Rue Saint-Pierre,43.2916512,5.413084,2026-01-02,0.8992452705984683,1.0,0.4850599741217906,6,Macet,0.8028406495953252,0.7110792462952645,0.565638672971628,0.4850599741217906,0.595203443226931,0.9371496577099592,1.0,1.0,1.0,1.0,1.0,1.0,1.0,1.0,1.0,1.0,1.0,1.0,1.0,1.0,1.0,1.0,0.7972977484887971,0.6876171019535471
00810PMA0001,Boulevard Michelet,43.255973,5.4006185,2026-01-02,0.9284924176698572,1.0,0.0,0,Macet,1.0,1.0,1.0,0.0,0.5839306020717441,1.0,1.0,1.0,1.0,1.0,1.0,1.0,1.0,1.0,1.0,1.0,1.0,1.0,1.0,1.0,1.0,1.0,0.699887422004832,1.0
00428PMA0001,Boulevard de la Corderie,43.2899429,5.3670573,2026-01-02,0.0,0.0,0.0,0,Lancar,0.0,0.0,0.0,0.0,0.0,0.0,0.0,0.0,0.0,0.0,0.0,0.0,0.0,0.0,0.0,0.0,0.0,0.0,0.0,0.0,0.0,0.0,0.0,0.0
00032PMA0003,Quai de Rive Neuve,43.293458,5.3716949,2026-01-02,0.0,0.0,0.0,0,Lancar,0.0,0.0,0.0,0.0,0.0,0.0,0.0,0.0,0.0,0.0,0.0,0.0,0.0,0.0,0.0,0.0,0.0,0.0,0.0,0.0,0.0,0.0,0.0,0.0
01093PMA0001,Quai d'Arenc,43.312265,5.3670385,2026-01-02,0.0,0.0,0.0,0,Lancar,0.0,0.0,0.0,0.0,0.0,0.0,0.0,0.0,0.0,0.0,0.0,0.0,0.0,0.0,0.0,0.0,0.0,0.0,0.0,0.0,0.0,0.0,0.0,0.0
00771PMA0002,Boulevard Rabatau,43.2736219,5.3931579,2026-01-02,0.9963721383849432,1.0,0.9129313212386356,0,Macet,1.0,1.0,1.0,1.0,0.9129313212386356,1.0,1.0,1.0,1.0,1.0,1.0,1.0,1.0,1.0,1.0,1.0,1.0,1.0,1.0,1.0,1.0,1.0,1.0,1.0
00002PMA0001,Boulevard Paul Peytral,43.2901498,5.3784004,2026-01-02,0.07476960961244127,0.11684097163193714,0.02204807196218095,17,Lancar,0.05301968426085063,0.04457742097299382,0.03289341994681597,0.023391618314060263,0.02204807196218095,0.03127934776304023,0.048565137165853305,0.06832833606265569,0.08513026100357145,0.09583899294577423,0.09997183798069653,0.09904268721530116,0.09591588931247903,0.09414982762505084,0.09667470968407724,0.10387813188130542,0.11249103861016528,0.11684097163193714,0.11235189123414313,0.09894740056883179,0.0815010566315019,0.06656719067289397,0.057737500675413195,0.053328206576997376
00092PMA0021,Boulevard Françoise Duparc,43.3008615,5.4006788,2026-01-02,0.417977370930468,0.5582017194833868,0.09642082780995474,17,Sedang,0.3216105024739314,0.2451871995550996,0.15378954465040803,0.09642082780995474,0.1157354285336231,0.21410935633221714,0.3501280795407152,0.46803467459067016,0.534530949527119,0.553204259891401,0.5491568985522771,0.5428386185657402,0.5379423144661714,0.5301850623576534,0.5218309517242659,0.5231947377307979,0.5393051735920059,0.5582017194833868,0.5568884059878724,0.5218698648244783,0.46375358648791354,0.4090196370738977,0.3745987603821555,0.3499203481974772
00007PMA0004,Boulevard de la Libération - Général de Monsabert,43.299212,5.3858757,2026-01-02,0.49724497359893904,0.8460118798218104,0.08704745297358357,18,Macet,0.33252224734758884,0.2714513499137413,0.18511809990277558,0.10816441986870959,0.08704745297358357,0.14364022826757436,0.2601118286016921,0.39452157916438296,0.5094358816369108,0.5884543892382744,0.6320757668867212,0.6455849553300773,0.6357096344784078,0.6174978635860137,0.6169341154622873,0.6572353282216653,0.7361081537492279,0.8165089091519129,0.8460118798218104,0.7940192859850329,0.676365511535256,0.5443717240248844,0.44561917913188204,0.3893695820941261
00003PMA0001,La Canebière / La Canebiera,43.2958651,5.3761742,2026-01-02,1.0,1.0,1.0,0,Macet,1.0,1.0,1.0,1.0,1.0,1.0,1.0,1.0,1.0,1.0,1.0,1.0,1.0,1.0,1.0,1.0,1.0,1.0,1.0,1.0,1.0,1.0,1.0,1.0
00323PMA0021,Avenue du Prado,43.2666955,5.3822225,2026-01-02,0.0,0.0,0.0,0,Lancar,0.0,0.0,0.0,0.0,0.0,0.0,0.0,0.0,0.0,0.0,0.0,0.0,0.0,0.0,0.0,0.0,0.0,0.0,0.0,0.0,0.0,0.0,0.0,0.0
00798PMA0021,Avenue Robert Schuman,43.3041885,5.3669125,2026-01-02,1.0,1.0,1.0,0,Macet,1.0,1.0,1.0,1.0,1.0,1.0,1.0,1.0,1.0,1.0,1.0,1.0,1.0,1.0,1.0,1.0,1.0,1.0,1.0,1.0,1.0,1.0,1.0,1.0
00990PMA0001,Boulevard Berthier,43.2944146,5.4334608,2026-01-02,0.9191745098964609,1.0,0.364647907331518,0,Macet,1.0,0.8814670809705436,0.5767453837038627,0.364647907331518,0.44227342829977995,0.8265358558636414,1.0,1.0,1.0,1.0,1.0,1.0,1.0,1.0,1.0,1.0,1.0,1.0,1.0,1.0,1.0,1.0,1.0,0.968518581345716
00048PMA0002,Rue de la République,43.3015017,5.3697985,2026-01-02,0.06304447348153604,0.09296465304394104,0.021918138615556016,10,Lancar,0.04870243476714046,0.042248233895715664,0.03274099025345263,0.02420525182337611,0.021918138615556016,0.028967449285033062,0.04425208071751048,0.06310969894104589,0.07982150461892806,0.0902078824369231,0.09296465304394104,0.08955668317408387,0.08324804922415302,0.07779895787937806,0.07603126485722425,0.07852618131820095,0.08311922068262151,0.08587935238301776,0.08341961136449393,0.07518567352614987,0.0639772989889274,0.054049339589395784,0.04804114933590883,0.045096262834687005
00293PMA0001,Rue de Rome,43.2876342,5.3826919,2026-01-02,0.27696124787207127,0.4484690782096578,0.08023573565277006,17,Sedang,0.15996328313308972,0.1373057153596229,0.10986422265468111,0.08581557204484551,0.08023573565277006,0.1045157073553388,0.15848955222734462,0.2299631262202894,0.3006339955985922,0.35395003197107766,0.38101405100644153,0.3831155699189137,0.3709378907950172,0.3604201962076255,0.36554095164759076,0.39032723119314466,0.4247319825289326,0.4484690782096578,0.4421959074853172,0.3995363674261419,0.33152984071591857,0.2597832464635271,0.20287964685492843,0.16585104625890246
00554PMA0001,Avenue Jean-Paul Sartre,43.3258099,5.4236023,2026-01-02,0.08394901716487273,0.12579008216212154,0.016162154044803204,8,Lancar,0.05830652022436001,0.044965171262543555,0.026427603336157235,0.016162154044803204,0.027611683193221884,0.060935799000553466,0.10027688454133081,0.12506514945043617,0.12579008216212154,0.11034450465092524,0.09571890979011985,0.09319931028089078,0.10057903160206784,0.10744247821335769,0.10694366344297293,0.10202187967310657,0.10056704577543166,0.105565127982004,0.11101662621004148,0.10791197134194937,0.09378255750451185,0.07553935811156919,0.0623879799902007,0.05621492017226855
00771PMA0001,Boulevard Rabatau,43.2736609,5.393107,2026-01-02,0.0,0.0,0.0,0,Lancar,0.0,0.0,0.0,0.0,0.0,0.0,0.0,0.0,0.0,0.0,0.0,0.0,0.0,0.0,0.0,0.0,0.0,0.0,0.0,0.0,0.0,0.0,0.0,0.0
00235PMA0001,Corniche du Président John Fitzgerald Kennedy,43.2806411,5.3525989,2026-01-02,0.0,0.0,0.0,0,Lancar,0.0,0.0,0.0,0.0,0.0,0.0,0.0,0.0,0.0,0.0,0.0,0.0,0.0,0.0,0.0,0.0,0.0,0.0,0.0,0.0,0.0,0.0,0.0,0.0
00027PMA0001,Rue Colbert,43.2991466,5.3760025,2026-01-02,1.0,1.0,1.0,0,Macet,1.0,1.0,1.0,1.0,1.0,1.0,1.0,1.0,1.0,1.0,1.0,1.0,1.0,1.0,1.0,1.0,1.0,1.0,1.0,1.0,1.0,1.0,1.0,1.0
00996PMA0003,Avenue Pierre Chevalier,43.2948939,5.4189742,2026-01-02,0.9848748112695237,1.0,0.7569077124685144,0,Macet,1.0,1.0,1.0,1.0,1.0,1.0,1.0,1.0,1.0,1.0,1.0,1.0,1.0,1.0,1.0,1.0,1.0,1.0,1.0,1.0,1.0,1.0,0.7569077124685144,0.8800877580000548
00118PMA0003,Tunnel de la Joliette,43.3036128,5.3649813,2026-01-02,0.9440658249654031,1.0,0.41072816038897714,0,Macet,1.0,1.0,1.0,0.5647135072253493,0.41072816038897714,0.6821381315553487,1.0,1.0,1.0,1.0,1.0,1.0,1.0,1.0,1.0,1.0,1.0,1.0,1.0,1.0,1.0,1.0,1.0,1.0
00043PMA0001,Boulevard Michelet,43.2622609,5.3971571,2026-01-02,0.0009713159579442199,0.023311582990661276,0.0,4,Lancar,0.0,0.0,0.0,0.0,0.023311582990661276,0.0,0.0,0.0,0.0,0.0,0.0,0.0,0.0,0.0,0.0,0.0,0.0,0.0,0.0,0.0,0.0,0.0,0.0,0.0
00010PMA0003,Boulevard Philippon,43.3028896,5.3963162,2026-01-02,0.2953941397571787,0.44170467314388323,0.11080842823291118,18,Sedang,0.15906486082606738,0.16592830276355344,0.15351407949130091,0.12479101497007797,0.11080842823291118,0.14430135614726483,0.22914544900793501,0.3327494699121655,0.4084068418287638,0.4284918703790663,0.4010331183882102,0.3583358942627685,0.33082958279778585,0.3294126369737501,0.34767768483104217,0.37529675455918665,0.4058096286908069,0.43247161704455395,0.44170467314388323,0.4171250218064612,0.35425707712692545,0.2711659535037396,0.2006095520619848,0.1665284854220846
00064PMA0002,Avenue du Prado,43.2761108,5.3892419,2026-01-02,0.0019021100191468684,0.0034849270028228835,0.0,17,Lancar,0.0007408111779187352,0.000739492340071652,0.00036101143665419664,0.0,0.0,0.0003780982848303822,0.0014653252520237842,0.0024853360971564932,0.002962758093844526,0.002848442212652146,0.0024884548098793517,0.002286436632277146,0.0023907957729524076,0.002670152863981291,0.002934581676893138,0.003132534437387173,0.0033218171617531156,0.0034849270028228835,0.0034376321052393514,0.002974677451430581,0.0021208368465362223,0.0012072993641196645,0.0006446261340174097,0.0005745933050831906
00036PMA0043,Rue du Camas,43.2954004,5.3967601,2026-01-02,0.47895392041912127,0.7150636197390645,0.043949964132252176,18,Macet,0.29250675707731155,0.1975858713252378,0.09726413996170676,0.043949964132252176,0.08196117357715725,0.21107927854550823,0.3829356277128516,0.5331176398897967,0.621619586050495,0.6496564480368234,0.6444407931579929,0.6315653647844885,0.6210195358424365,0.6141906181135021,0.6165746384255942,0.63757489781585,0.6765560669686511,0.7127696945320164,0.7150636197390645,0.6663706462801345,0.5798943970560497,0.4889880736370038,0.4178164450422735,0.36039281235471093
00858PMA0001,Avenue de Saint-Julien,43.3074286,5.4243788,2026-01-02,0.3639473154226433,0.815690421871484,0.04004103333996543,18,Macet,0.1618008602128143,0.14076456780952204,0.08334389568461892,0.04004103333996543,0.05055851776492518,0.10933345424157488,0.18256475296972718,0.25024224642938664,0.32311480656285013,0.41640813930387893,0.5133904075716461,0.5663057028748688,0.5425101562758525,0.4706330138041703,0.432698523049617,0.49749199954585527,0.6516203421651485,0.7954088192391545,0.815690421871484,0.6762869235559139,0.4475991575537201,0.24950687562639548,0.15844960649284465,0.1589713461975041
00331PMA0001,Boulevard National,43.3079644,5.3815681,2026-01-02,0.41156256579587974,0.6645309330174164,0.05677974011660583,17,Macet,0.33762441300847323,0.26608925408144274,0.16189491198782052,0.07447912769650224,0.05677974011660583,0.12754607189491896,0.2576832165424231,0.39006530340078144,0.47602764900605504,0.5010896785312493,0.48458616728347104,0.45980038398795625,0.45322293502800337,0.475768615374322,0.5245897620140139,0.5868335416959153,0.6415891941709749,0.6645309330174164,0.63954472007963,0.5719606656037178,0.4903845342248814,0.4298513102950617,0.40573112552992435,0.39982832452955236
00077PMA0001,Corniche du Président John Fitzgerald Kennedy,43.2829764,5.3505403,2026-01-02,0.0,0.0,0.0,0,Lancar,0.0,0.0,0.0,0.0,0.0,0.0,0.0,0.0,0.0,0.0,0.0,0.0,0.0,0.0,0.0,0.0,0.0,0.0,0.0,0.0,0.0,0.0,0.0,0.0
00043PMA0002,Boulevard Michelet,43.2622335,5.3970551,2026-01-02,0.5520013007993156,1.0,0.05309065270226473,17,Macet,0.24652807590034237,0.2521641542261844,0.1707980217963109,0.07064708695036696,0.05309065270226473,0.16296664122456858,0.35897575929759995,0.5594156802303368,0.7084158644804209,0.7993153002119617,0.8461027711634441,0.8494533405462086,0.8024493987115103,0.7274459150863677,0.6911479888671038,0.7618938559227809,0.9375475956108951,1.0,1.0,0.9811934565005803,0.6531114194654604,0.33024578782527736,0.15089981810277528,0.13422263436081358
00991PMA0001,Boulevard Chave,43.2951564,5.3888074,2026-01-02,0.0,0.0,0.0,0,Lancar,0.0,0.0,0.0,0.0,0.0,0.0,0.0,0.0,0.0,0.0,0.0,0.0,0.0,0.0,0.0,0.0,0.0,0.0,0.0,0.0,0.0,0.0,0.0,0.0
00089PMA0043,Boulevard Sakakini,43.2959959,5.4003757,2026-01-02,1.0,1.0,1.0,0,Macet,1.0,1.0,1.0,1.0,1.0,1.0,1.0,1.0,1.0,1.0,1.0,1.0,1.0,1.0,1.0,1.0,1.0,1.0,1.0,1.0,1.0,1.0,1.0,1.0
00091PMA0043,Boulevard Élémir Bourges,43.2988431,5.401234,2026-01-02,0.0,0.0,0.0,0,Lancar,0.0,0.0,0.0,0.0,0.0,0.0,0.0,0.0,0.0,0.0,0.0,0.0,0.0,0.0,0.0,0.0,0.0,0.0,0.0,0.0,0.0,0.0,0.0,0.0
00658PMA0001,Promenade Georges Pompidou,43.2660608,5.3729247,2026-01-02,0.0,0.0,0.0,0,Lancar,0.0,0.0,0.0,0.0,0.0,0.0,0.0,0.0,0.0,0.0,0.0,0.0,0.0,0.0,0.0,0.0,0.0,0.0,0.0,0.0,0.0,0.0,0.0,0.0
01029PMA0003,Quai de Rive-Neuve,43.2925376,5.3667971,2026-01-02,0.5012715645241563,0.8114213140927513,0.11329125902277937,16,Macet,0.3382791023590133,0.28035991826362033,0.18692597021515764,0.11329125902277937,0.11337863359612511,0.20386945952237506,0.3562299953423664,0.517601866034484,0.6411562624445536,0.7051517945786533,0.7142858161852113,0.6907926879552999,0.6643436872251891,0.6623853092832998,0.6983572589477807,0.760489034879952,0.8114213140927513,0.8064697568501751,0.7235872736907841,0.5836542086925712,0.4418289572213,0.35176118660415684,0.32805266002197153,0.3368441355501823
00798PMA0043,Boulevard de Dunkerque,43.3052094,5.3672156,2026-01-02,0.05000000000000001,0.05,0.05,0,Lancar,0.05,0.05,0.05,0.05,0.05,0.05,0.05,0.05,0.05,0.05,0.05,0.05,0.05,0.05,0.05,0.05,0.05,0.05,0.05,0.05,0.05,0.05,0.05,0.05
00484PMA0001,Boulevard National,43.3129071,5.3756297,2026-01-02,0.0,0.0,0.0,0,Lancar,0.0,0.0,0.0,0.0,0.0,0.0,0.0,0.0,0.0,0.0,0.0,0.0,0.0,0.0,0.0,0.0,0.0,0.0,0.0,0.0,0.0,0.0,0.0,0.0
00116PMA0001,Boulevard Charles Livon,43.2920875,5.3597349,2026-01-02,0.9078926127179568,1.0,0.29201605991121155,0,Macet,1.0,1.0,0.7146046712901779,0.3664163449392641,0.29201605991121155,0.6037082370877186,1.0,1.0,1.0,1.0,1.0,1.0,1.0,1.0,1.0,1.0,1.0,1.0,1.0,1.0,1.0,1.0,0.9206500183734987,0.8920273736290937
00067PMA0031,Boulevard Rabatau,43.275686,5.3963336,2026-01-02,0.9933421456020982,1.0,0.8402114944503586,0,Macet,1.0,1.0,1.0,1.0,1.0,1.0,1.0,1.0,1.0,1.0,1.0,1.0,1.0,1.0,1.0,1.0,1.0,1.0,1.0,1.0,1.0,0.8402114944503586,1.0,1.0
00142PMA0001,Boulevard National,43.3125597,5.376138,2026-01-02,0.0,0.0,0.0,0,Lancar,0.0,0.0,0.0,0.0,0.0,0.0,0.0,0.0,0.0,0.0,0.0,0.0,0.0,0.0,0.0,0.0,0.0,0.0,0.0,0.0,0.0,0.0,0.0,0.0
00226PMA0002,Avenue de la Corse,43.2887168,5.3598717,2026-01-02,0.0,0.0,0.0,0,Lancar,0.0,0.0,0.0,0.0,0.0,0.0,0.0,0.0,0.0,0.0,0.0,0.0,0.0,0.0,0.0,0.0,0.0,0.0,0.0,0.0,0.0,0.0,0.0,0.0
00701PMA0001,Quai de Rive Neuve,43.2928762,5.3689349,2026-01-02,0.9841233399450259,1.0,0.6189601586806215,0,Macet,1.0,1.0,1.0,1.0,1.0,1.0,1.0,1.0,1.0,1.0,1.0,1.0,1.0,1.0,1.0,1.0,1.0,1.0,1.0,0.6189601586806215,1.0,1.0,1.0,1.0
01026PMA0001,Rue Armény,43.2910088,5.3801157,2026-01-02,0.0,0.0,0.0,0,Lancar,0.0,0.0,0.0,0.0,0.0,0.0,0.0,0.0,0.0,0.0,0.0,0.0,0.0,0.0,0.0,0.0,0.0,0.0,0.0,0.0,0.0,0.0,0.0,0.0
00450PMA0001,Rue de Friedland,43.2863416,5.3880081,2026-01-02,0.848774373611691,1.0,0.0,6,Macet,0.7202516186029445,0.9063805976274295,0.7878097851914262,0.17131570364837284,0.0,0.0,1.0,1.0,1.0,1.0,1.0,1.0,1.0,1.0,1.0,1.0,1.0,1.0,1.0,1.0,1.0,1.0,1.0,0.7848272616104083
00455PMA0043,Avenue Alexander Fleming,43.3123704,5.4044071,2026-01-02,0.0,0.0,0.0,0,Lancar,0.0,0.0,0.0,0.0,0.0,0.0,0.0,0.0,0.0,0.0,0.0,0.0,0.0,0.0,0.0,0.0,0.0,0.0,0.0,0.0,0.0,0.0,0.0,0.0
00428PMA0002,Avenue de la Corse,43.2897301,5.3654453,2026-01-02,1.0,1.0,1.0,0,Macet,1.0,1.0,1.0,1.0,1.0,1.0,1.0,1.0,1.0,1.0,1.0,1.0,1.0,1.0,1.0,1.0,1.0,1.0,1.0,1.0,1.0,1.0,1.0,1.0
01070PMA0003,Rue Edmond Pirian,43.3072432,5.4248482,2026-01-02,0.00036087432051412063,0.008660983692338895,0.0,3,Lancar,0.0,0.0,0.0,0.008660983692338895,0.0,0.0,0.0,0.0,0.0,0.0,0.0,0.0,0.0,0.0,0.0,0.0,0.0,0.0,0.0,0.0,0.0,0.0,0.0,0.0
00122PMA0001,Boulevard Charles Nédelec,43.3020746,5.3763539,2026-01-02,0.8434536789685038,1.0,0.13693803622717127,0,Macet,1.0,0.9164865487608664,0.524661832132037,0.2235338384810237,0.13693803622717127,0.2553732965629986,0.48236323493629624,0.7309168687123234,0.972614639431372,1.0,1.0,1.0,1.0,1.0,1.0,1.0,1.0,1.0,1.0,1.0,1.0,1.0,1.0,1.0
00021PMA0002,Avenue du Prado,43.2721884,5.3906688,2026-01-02,0.9498100032537508,1.0,0.22382162113429718,0,Macet,1.0,1.0,1.0,0.6268126820692074,0.22382162113429718,0.9448057748865143,1.0,1.0,1.0,1.0,1.0,1.0,1.0,1.0,1.0,1.0,1.0,1.0,1.0,1.0,1.0,1.0,1.0,1.0
00628PMA0001,Quai de la Joliette,43.3046844,5.3651744,2026-01-02,0.0,0.0,0.0,0,Lancar,0.0,0.0,0.0,0.0,0.0,0.0,0.0,0.0,0.0,0.0,0.0,0.0,0.0,0.0,0.0,0.0,0.0,0.0,0.0,0.0,0.0,0.0,0.0,0.0
01088PMA0001,Quai de la Tourette,43.3007512,5.3639513,2026-01-02,0.9279707982073716,1.0,0.3290213640129799,0,Macet,1.0,1.0,1.0,0.708123416973325,0.3290213640129799,0.40538197221153993,0.8287724037790755,1.0,1.0,1.0,1.0,1.0,1.0,1.0,1.0,1.0,1.0,1.0,1.0,1.0,1.0,1.0,1.0,1.0
00097PMA0002,Cours Lieutaud,43.2889852,5.3841484,2026-01-02,0.9912009573660739,1.0,0.871670677787307,0,Macet,1.0,1.0,1.0,0.917152298998467,0.871670677787307,1.0,1.0,1.0,1.0,1.0,1.0,1.0,1.0,1.0,1.0,1.0,1.0,1.0,1.0,1.0,1.0,1.0,1.0,1.0
00130PMA0001,Avenue d'Odessa,43.243712,5.3702652,2026-01-02,0.024122624635161,0.432517029182817,0.0,4,Sedang,0.0,0.0,0.0,0.0,0.432517029182817,0.14642596206104702,0.0,0.0,0.0,0.0,0.0,0.0,0.0,0.0,0.0,0.0,0.0,0.0,0.0,0.0,0.0,0.0,0.0,0.0
00501PMA0001,Rue Capitaine Dessemond,43.2884171,5.3579485,2026-01-02,0.0,0.0,0.0,0,Lancar,0.0,0.0,0.0,0.0,0.0,0.0,0.0,0.0,0.0,0.0,0.0,0.0,0.0,0.0,0.0,0.0,0.0,0.0,0.0,0.0,0.0,0.0,0.0,0.0
00450PMA0003,Cours Gouffé,43.2859258,5.3878163,2026-01-02,1.0,1.0,1.0,0,Macet,1.0,1.0,1.0,1.0,1.0,1.0,1.0,1.0,1.0,1.0,1.0,1.0,1.0,1.0,1.0,1.0,1.0,1.0,1.0,1.0,1.0,1.0,1.0,1.0
00192PMA0001,Boulevard de Paris,43.3122611,5.3688839,2026-01-02,0.1189185087615522,0.2097498238118781,0.008904523356395648,8,Lancar,0.05663819372452493,0.054762172609233266,0.03376848547571285,0.009000073102831995,0.008904523356395648,0.04945413542550825,0.11796822151598685,0.1810682658584342,0.2097498238118781,0.19967286965537148,0.17026891025830454,0.14608082589560223,0.13868584718262422,0.14414790575563993,0.15413345645160703,0.1661297125260803,0.1818117995236873,0.19745740125818928,0.1999709340900586,0.17605565254865804,0.126738054754769,0.07144116929919328,0.03461083825723206,0.025524937939729705
00238PMA0001,La Canebière / La Canebiera,43.2972882,5.3802243,2026-01-02,0.986691336267048,1.0,0.6805920704091522,0,Macet,1.0,1.0,1.0,1.0,0.6805920704091522,1.0,1.0,1.0,1.0,1.0,1.0,1.0,1.0,1.0,1.0,1.0,1.0,1.0,1.0,1.0,1.0,1.0,1.0,1.0
00120PMA0003,Avenue Camille Pelletan,43.3016374,5.3741652,2026-01-02,1.0,1.0,1.0,0,Macet,1.0,1.0,1.0,1.0,1.0,1.0,1.0,1.0,1.0,1.0,1.0,1.0,1.0,1.0,1.0,1.0,1.0,1.0,1.0,1.0,1.0,1.0,1.0,1.0
00056PMA0003,Rue Paradis,43.2700011,5.3867716,2026-01-02,0.0,0.0,0.0,0,Lancar,0.0,0.0,0.0,0.0,0.0,0.0,0.0,0.0,0.0,0.0,0.0,0.0,0.0,0.0,0.0,0.0,0.0,0.0,0.0,0.0,0.0,0.0,0.0,0.0
01108PMA0001,Quai du Lazaret,43.309235,5.3667154,2026-01-02,0.731286878870927,1.0,0.03629020238177073,10,Macet,0.5271812792885695,0.5200501661445064,0.369104416222895,0.1516552091174431,0.03629020238177073,0.13210116399680422,0.39234418068745064,0.663149105843472,0.831332625534518,0.9313121528165652,1.0,1.0,1.0,1.0,1.0,1.0,1.0,1.0,1.0,1.0,1.0,0.853529547205111,0.5981550344584419,0.5446800092047024
00120PMA0001,Boulevard des Dames,43.3017097,5.3730092,2026-01-02,0.8974949105113282,1.0,0.32539406977061525,0,Macet,1.0,0.7990310957108969,0.5218211293957453,0.32539406977061525,0.3417137526157265,0.5872374920970008,0.964680312681896,1.0,1.0,1.0,1.0,1.0,1.0,1.0,1.0,1.0,1.0,1.0,1.0,1.0,1.0,1.0,1.0,1.0
00061PMA0001,Cours Lieutaud,43.2866794,5.3854144,2026-01-02,1.0,1.0,1.0,0,Macet,1.0,1.0,1.0,1.0,1.0,1.0,1.0,1.0,1.0,1.0,1.0,1.0,1.0,1.0,1.0,1.0,1.0,1.0,1.0,1.0,1.0,1.0,1.0,1.0
00367PMA0002,Boulevard Romain Rolland,43.2759937,5.4174922,2026-01-02,0.0,0.0,0.0,0,Lancar,0.0,0.0,0.0,0.0,0.0,0.0,0.0,0.0,0.0,0.0,0.0,0.0,0.0,0.0,0.0,0.0,0.0,0.0,0.0,0.0,0.0,0.0,0.0,0.0
00359PMA0002,Boulevard Romain Rolland,43.2695187,5.4051179,2026-01-02,0.4607377231543774,1.0,0.0,7,Macet,0.24223839413930648,0.35024348065254607,0.22929568525518773,0.0,0.0,0.04659121942547896,0.8106345412433326,1.0,1.0,1.0,1.0,0.5801032156722279,0.2687158256828139,0.34615166691368404,0.5686270032540715,0.690572865833711,0.6628451674903844,0.5960695780860029,0.5752324217579031,0.5479316542522524,0.40358857687302996,0.13886405917312453,0.0,0.0
00055PMA0003,Avenue du Prado,43.2706612,5.3884319,2026-01-02,0.9030092608252341,1.0,0.0,0,Macet,1.0,1.0,1.0,0.0834245810858106,0.0,0.5887976787198078,1.0,1.0,1.0,1.0,1.0,1.0,1.0,1.0,1.0,1.0,1.0,1.0,1.0,1.0,1.0,1.0,1.0,1.0
00226PMA0003,Avenue Pasteur,43.2893162,5.359354,2026-01-02,0.0,0.0,0.0,0,Lancar,0.0,0.0,0.0,0.0,0.0,0.0,0.0,0.0,0.0,0.0,0.0,0.0,0.0,0.0,0.0,0.0,0.0,0.0,0.0,0.0,0.0,0.0,0.0,0.0
00554PMA0002,,43.3258938,5.4235312,2026-01-02,0.0,0.0,0.0,0,Lancar,0.0,0.0,0.0,0.0,0.0,0.0,0.0,0.0,0.0,0.0,0.0,0.0,0.0,0.0,0.0,0.0,0.0,0.0,0.0,0.0,0.0,0.0,0.0,0.0
00044PMA0032,Avenue du Prado,43.2644152,5.3787759,2026-01-02,0.0,0.0,0.0,0,Lancar,0.0,0.0,0.0,0.0,0.0,0.0,0.0,0.0,0.0,0.0,0.0,0.0,0.0,0.0,0.0,0.0,0.0,0.0,0.0,0.0,0.0,0.0,0.0,0.0
01005PMA0001,Avenue William Booth,43.2937957,5.4406679,2026-01-02,0.5638409258584066,0.9821315677860285,0.0838263010045928,17,Macet,0.22832349508004274,0.1924345269517686,0.13470783280426935,0.08386190608296414,0.0838263010045928,0.1634764384118954,0.3195301131560039,0.518998767938276,0.7136190795809083,0.8563974552915088,0.916457944141918,0.8917324471183659,0.8149289153504478,0.7439109325267828,0.7334097067066033,0.8005200741784099,0.907957233073634,0.9821315677860285,0.9586885345082171,0.8250317561626432,0.6284870103672958,0.44352327348648674,0.32266020708260806,0.2675667018100891
01041PMA0001,Quai d'Arenc,43.3134984,5.3661668,2026-01-02,0.3891084901831221,0.7028699212733889,0.09953497386194747,16,Macet,0.23701849074731005,0.20607019409410002,0.14374741742226696,0.09953497386194747,0.11366124127611534,0.19127344676209682,0.30556737135524453,0.4200711966246511,0.5084248827996259,0.5596620335194027,0.5742499937010006,0.562020219966122,0.5436384150143407,0.5463080460240151,0.5872755182168095,0.6542778813449055,0.7028699212733889,0.6813327397351266,0.5694052394315005,0.4000267209888017,0.2425241792927439,0.15641016469450103,0.15089719249192166,0.18233628375699212
00031PMA0001,Avenue du Prado,43.2729892,5.3911113,2026-01-02,0.43195699591275377,0.70051358695152,0.09995712469267132,17,Macet,0.2989440884933431,0.27332408550618553,0.2099371488949232,0.1355053396486629,0.09995712469267132,0.1437606939636666,0.2705852945959397,0.44229529872367995,0.5979561539056152,0.6843628588555668,0.6810698148489708,0.6082810978025196,0.5155886469847358,0.4577466429431182,0.4682364447668683,0.5423774103476493,0.6388087370478139,0.70051358695152,0.685886657710681,0.5925479548840809,0.4585425164640793,0.3386528048100891,0.27030516014492717,0.251782338918783
00490PMA0002,Boulevard Boisson,43.2972081,5.403935,2026-01-02,0.2111593571434044,0.3505280223715199,0.0800221242643056,17,Sedang,0.15074595035408908,0.1271283764919661,0.09920872746064224,0.0800951591773876,0.0800221242643056,0.10266590075753637,0.1453480312425029,0.19965623201019422,0.2517140306384599,0.28516663904525963,0.28902830670397817,0.26664901907845434,0.23757655143844622,0.22734056833974145,0.2500780244082606,0.2967963550836325,0.33965347714850724,0.3505280223715199,0.32028366066138614,0.2640611095798281,0.2090318228045351,0.17492535945076332,0.16252391192162183,0.15759721100868657
00032PMA0001,Quai de Rive Neuve,43.2933643,5.3710203,2026-01-02,0.0,0.0,0.0,0,Lancar,0.0,0.0,0.0,0.0,0.0,0.0,0.0,0.0,0.0,0.0,0.0,0.0,0.0,0.0,0.0,0.0,0.0,0.0,0.0,0.0,0.0,0.0,0.0,0.0
01109PMA0001,Quai du Lazaret,43.3066508,5.3657042,2026-01-02,0.9571267821410655,1.0,0.0,0,Macet,1.0,1.0,1.0,1.0,0.0,0.9710427713855723,1.0,1.0,1.0,1.0,1.0,1.0,1.0,1.0,1.0,1.0,1.0,1.0,1.0,1.0,1.0,1.0,1.0,1.0
00056PMA0004,Avenue du Prado,43.2693595,5.3864645,2026-01-02,0.16922861437507428,0.27035401772062784,0.002153877716960142,9,Lancar,0.09559589125935865,0.08086018053522351,0.05291292752010748,0.01812056307455468,0.002153877716960142,0.0289563646537835,0.09833229491891918,0.18271551247269432,0.24639924570623345,0.27035401772062784,0.2616539706686414,0.2416881709052242,0.22657950139975624,0.21823225321720638,0.21155004464063554,0.20658533453843345,0.21072317193406775,0.22839743453579334,0.25061510055019676,0.25782391873533167,0.23576686793255847,0.18933710112292088,0.13976571652459,0.10636728271796386
00012PMA0001,Rue Dragon,43.2885967,5.381898,2026-01-02,0.6996604819393331,1.0,0.1992601048232283,8,Macet,0.40310971442551297,0.40345150987960976,0.3520458795537011,0.25997261640168107,0.1992601048232283,0.2524938186892056,0.44974766906740515,0.739435644792877,1.0,1.0,1.0,1.0,0.9408558376686342,0.8614901850101117,0.8804164635457866,0.9856683965901284,1.0,1.0,1.0,1.0,0.811410534542574,0.5641732897898153,0.3840582399131849,0.3042616618505377
00374PMA0021,Chemin Saint-Jean-du-Désert,43.2938104,5.4094765,2026-01-02,0.8144722974562351,1.0,0.4240167289900183,7,Macet,0.6199851094411325,0.6064907115901798,0.507034729476603,0.425449864315336,0.4575876114373497,0.6132236714945936,0.8302077331686584,1.0,1.0,1.0,1.0,1.0,1.0,1.0,1.0,1.0,1.0,1.0,1.0,1.0,1.0,0.6312035638919611,0.4240167289900183,0.432135415143807
00006PMA0054,Boulevard Dugommier,43.2978192,5.3810906,2026-01-02,1.0,1.0,1.0,0,Macet,1.0,1.0,1.0,1.0,1.0,1.0,1.0,1.0,1.0,1.0,1.0,1.0,1.0,1.0,1.0,1.0,1.0,1.0,1.0,1.0,1.0,1.0,1.0,1.0
00163PMA0001,Boulevard Schloesing,43.2735799,5.4005018,2026-01-02,0.9168133605454335,1.0,0.0,0,Macet,1.0,1.0,1.0,0.0,1.0,1.0,1.0,1.0,1.0,1.0,1.0,1.0,1.0,1.0,1.0,1.0,1.0,1.0,1.0,1.0,1.0,0.18273928625520072,0.8207813668352036,1.0
01017PMA0001,Avenue du Maréchal Foch,43.2986342,5.4024303,2026-01-02,0.16138103361673412,0.32484819135831433,0.04267953855738025,17,Sedang,0.096826975105893,0.08423847809206764,0.06102357374544015,0.04267953855738025,0.043293673921276525,0.06474132502217789,0.09839056090277569,0.1342988777035153,0.16701492207018034,0.19341102563316373,0.2083632843338959,0.2066172194569221,0.19093938565341384,0.17697529207590118,0.18571971838118698,0.2263352431888199,0.2838182440571721,0.32484819135831433,0.3202186425016039,0.2666861173428977,0.18989656862251852,0.12542763731053305,0.09350224720190538,0.08787806456266326
00054PMA0001,Rue de la République,43.2997273,5.3714387,2026-01-02,1.0,1.0,1.0,0,Macet,1.0,1.0,1.0,1.0,1.0,1.0,1.0,1.0,1.0,1.0,1.0,1.0,1.0,1.0,1.0,1.0,1.0,1.0,1.0,1.0,1.0,1.0,1.0,1.0
00701PMA0002,Quai de Rive-Neuve,43.2928352,5.3684708,2026-01-02,0.0,0.0,0.0,0,Lancar,0.0,0.0,0.0,0.0,0.0,0.0,0.0,0.0,0.0,0.0,0.0,0.0,0.0,0.0,0.0,0.0,0.0,0.0,0.0,0.0,0.0,0.0,0.0,0.0
00034PMA0001,Boulevard Mirabeau,43.3136194,5.3674757,2026-01-02,0.7073754974053532,1.0,0.1742881653730724,7,Macet,0.46296507977514306,0.4102098651260145,0.28189001650755674,0.1742881653730724,0.1981360438378202,0.3976517400288984,0.7186419454940005,1.0,1.0,1.0,1.0,1.0,1.0,1.0,1.0,1.0,1.0,1.0,1.0,0.8921548170053978,0.5656798960136838,0.337184612448839,0.258171682842628,0.28003807327542324
00445PMA0001,Boulevard Schloesing,43.2738319,5.4002068,2026-01-02,0.0,0.0,0.0,0,Lancar,0.0,0.0,0.0,0.0,0.0,0.0,0.0,0.0,0.0,0.0,0.0,0.0,0.0,0.0,0.0,0.0,0.0,0.0,0.0,0.0,0.0,0.0,0.0,0.0
00088PMA0001,Boulevard Sakakini,43.2941384,5.4016055,2026-01-02,0.3751465632115716,0.6919230338686719,0.11724642645170988,17,Macet,0.25887951563238015,0.210604013676792,0.15146521965334359,0.11724642645170988,0.1301254498022112,0.18477729822780567,0.25795608766191763,0.3277877282745573,0.3839611537110482,0.4238498972452667,0.4455585832172491,0.44971054689529544,0.4477979486246663,0.4630678424166867,0.5151478810537383,0.5980889356200442,0.6736105199010013,0.6919230338686719,0.6277506554413919,0.5022705646590621,0.3705062814383271,0.28239742317927286,0.24885592813477542,0.24017858229050273
00092PMA0065,Boulevard Françoise Duparc,43.2999518,5.4008961,2026-01-02,0.05000000000000001,0.05,0.05,0,Lancar,0.05,0.05,0.05,0.05,0.05,0.05,0.05,0.05,0.05,0.05,0.05,0.05,0.05,0.05,0.05,0.05,0.05,0.05,0.05,0.05,0.05,0.05,0.05,0.05
01016PMA0001,Rue du Bosquet,43.3004769,5.3996595,2026-01-02,0.10700084170551298,0.18243336432132656,0.03938685523709052,17,Lancar,0.04861196590565157,0.04635094789966696,0.0422242643180448,0.03938685523709052,0.04374669876824004,0.0594124874211553,0.08542736273000666,0.11559915794086072,0.14117410149800577,0.1547675542346143,0.15376258157170147,0.14180873485339612,0.12763337385498016,0.12121228487218763,0.1286273351434708,0.14817653036574374,0.17035127937313302,0.18243336432132656,0.17548097797826384,0.1494819596666306,0.11325928122425481,0.07910614426595858,0.05573892775950734,0.044246029728419914
00810PMA0002,Boulevard Michelet,43.2559897,5.4006923,2026-01-02,0.0,0.0,0.0,0,Lancar,0.0,0.0,0.0,0.0,0.0,0.0,0.0,0.0,0.0,0.0,0.0,0.0,0.0,0.0,0.0,0.0,0.0,0.0,0.0,0.0,0.0,0.0,0.0,0.0
00097PMA0001,Cours Lieutaud,43.2898521,5.3837567,2026-01-02,1.0,1.0,1.0,0,Macet,1.0,1.0,1.0,1.0,1.0,1.0,1.0,1.0,1.0,1.0,1.0,1.0,1.0,1.0,1.0,1.0,1.0,1.0,1.0,1.0,1.0,1.0,1.0,1.0
01017PMA0003,Boulevard Élémir Bourges,43.2989631,5.4027361,2026-01-02,0.0,0.0,0.0,0,Lancar,0.0,0.0,0.0,0.0,0.0,0.0,0.0,0.0,0.0,0.0,0.0,0.0,0.0,0.0,0.0,0.0,0.0,0.0,0.0,0.0,0.0,0.0,0.0,0.0
00990PMA0002,Avenue Pierre Chevalier,43.294686,5.4327232,2026-01-02,0.5445361139652779,1.0,0.04903240461556245,8,Macet,0.27652507183778335,0.2700692341627017,0.16809902548081732,0.04903240461556245,0.05482652433429195,0.26726313374949734,0.624055276286736,0.9521130053716337,1.0,1.0,0.8154138963318425,0.6436442242289311,0.5803160387876202,0.6131936700091911,0.6834145829155518,0.7497247442748487,0.8043570227421363,0.8397072273978169,0.8208209388615229,0.7077311025910956,0.5084478574099696,0.29913319598052335,0.17463027328159056,0.1663482845150062
00168PMA0021,Avenue Robert Schuman,43.30332,5.3666604,2026-01-02,0.7830049822252567,1.0,0.0,5,Macet,0.8026794376510493,0.6679108931596983,0.22976009865391347,0.0,0.10943114177562309,1.0,1.0,1.0,1.0,1.0,1.0,1.0,1.0,1.0,1.0,1.0,1.0,1.0,1.0,0.992393369481079,0.7492376971686562,0.4978324439935286,0.35042006026056505,0.3924544312620503
00010PMA0004,Boulevard de la Libération - Général de Monsabert,43.3027032,5.3962411,2026-01-02,0.0,0.0,0.0,0,Lancar,0.0,0.0,0.0,0.0,0.0,0.0,0.0,0.0,0.0,0.0,0.0,0.0,0.0,0.0,0.0,0.0,0.0,0.0,0.0,0.0,0.0,0.0,0.0,0.0
00007PMA0032,Allée Léon Gambetta,43.2990705,5.3848913,2026-01-02,0.8039668269202161,1.0,0.3127057432297341,6,Macet,0.5765213240310642,0.4443103174546376,0.31416854457378046,0.3127057432297341,0.5051890713772454,0.8313141593487178,1.0,1.0,1.0,1.0,0.9533426360313185,0.9078742280448138,0.9446911331462042,1.0,1.0,1.0,1.0,1.0,0.9410931473733267,0.8181113120955126,0.7088196396757366,0.6624820007228209,0.6789799374821118,0.6956006514981622
00995PMA0001,Rue Hrant Dink,43.2915272,5.4171959,2026-01-02,0.5271771406557237,1.0,0.15091030583811701,16,Macet,0.3057684880056943,0.26940822214238475,0.19622239484451287,0.15091030583811701,0.17469931943078323,0.2572081440641088,0.3614136724832962,0.46412133457383736,0.5656129652699421,0.6639114359206659,0.7327770675571162,0.739138794411072,0.6879958659989232,0.643184663834922,0.6875940001005422,0.8467481798276429,1.0,1.0,1.0,0.7882428238979745,0.4755779687746538,0.2560344248255609,0.18322107782350866,0.20246022611211048
01041PMA0002,,43.3130925,5.3660756,2026-01-02,0.459832862118087,1.0,0.0,7,Macet,0.0,0.4160179884904087,0.7994530178066553,0.0,0.0,0.0,0.29896085125912886,1.0,0.8719497894202436,0.030514243030631407,0.0,0.09789545737778298,0.9455965869234833,1.0,0.19021155349681873,0.0,0.38538920302893365,1.0,1.0,1.0,1.0,1.0,0.0,0.0
00483PMA0031,Rampe Saint-Maurice,43.2913339,5.3634283,2026-01-02,0.0032540273355073073,0.07809665605217538,0.0,4,Lancar,0.0,0.0,0.0,0.0,0.07809665605217538,0.0,0.0,0.0,0.0,0.0,0.0,0.0,0.0,0.0,0.0,0.0,0.0,0.0,0.0,0.0,0.0,0.0,0.0,0.0
00017PMA0043,Avenue Jean-Paul Sartre,43.3150343,5.4074407,2026-01-02,0.0,0.0,0.0,0,Lancar,0.0,0.0,0.0,0.0,0.0,0.0,0.0,0.0,0.0,0.0,0.0,0.0,0.0,0.0,0.0,0.0,0.0,0.0,0.0,0.0,0.0,0.0,0.0,0.0
00005PMA0001,La Canebière / La Canebiera,43.2965776,5.3783199,2026-01-02,0.9452304439743356,1.0,0.2893065360013748,0,Macet,1.0,1.0,1.0,0.8712033552612221,0.2893065360013748,0.5250207641214589,1.0,1.0,1.0,1.0,1.0,1.0,1.0,1.0,1.0,1.0,1.0,1.0,1.0,1.0,1.0,1.0,1.0,1.0
00717PMA0001,Avenue William Booth,43.2944771,5.4427305,2026-01-02,0.5837999225353782,1.0,0.09536484703920947,10,Macet,0.19146012408643542,0.17207468476423424,0.13048483065546027,0.09536484703920947,0.09616504182241357,0.1468608935444181,0.2536765459158009,0.4224350705971726,0.6446996578243409,0.8751495366250943,1.0,1.0,0.955282765038379,0.814450152534928,0.7608694042283048,0.8559885767235106,1.0,1.0,1.0,0.9705270290836103,0.6788595202241599,0.42458737743088576,0.28254263179618977,0.23971945091452918
00749PMA0021,La Canebière,43.2985141,5.3837514,2026-01-02,0.5665483215779613,1.0,0.3698277677669391,4,Macet,0.4341678397824039,0.49335171364737557,0.6571956073087152,0.8672114924790174,1.0,1.0,0.8709381388085023,0.6907219736752038,0.573051595216337,0.5538486566200822,0.5874530370325525,0.6007579707599061,0.5603227441062673,0.49223666692251017,0.44464834679124404,0.4371847995717592,0.4479061216538329,0.4448507176960229,0.4229412847266542,0.4052538529409379,0.4097723867519929,0.4224059767618521,0.4111110268509621,0.3698277677669391
00987PMA0002,Rue Berthe Simon,43.2959139,5.4012313,2026-01-02,0.9262126905795934,1.0,0.10845010580843484,0,Macet,1.0,1.0,1.0,0.3904683910136249,0.10845010580843484,1.0,1.0,1.0,1.0,1.0,1.0,1.0,1.0,1.0,1.0,1.0,1.0,1.0,1.0,1.0,1.0,1.0,0.9329767823818675,0.7972092947063106
00014PMA0002,Rue de Rome,43.2907053,5.3809914,2026-01-02,0.5516548132944923,0.9075155810923057,0.18012507106281267,18,Macet,0.363203450686982,0.32193147616369994,0.25626343104723637,0.1952683340700099,0.18012507106281267,0.23187844248620643,0.33828300045468385,0.46597310183317125,0.5823407618188872,0.6680312194334138,0.7156974145225331,0.7255442919594817,0.7073755296678097,0.6851656906106759,0.6912351571397954,0.7454590043943624,0.8334580686554535,0.9059857967329631,0.9075155810923057,0.8157756906916431,0.6604450661838284,0.503556811479041,0.39575073485510137,0.343452392025717
00143PMA0001,Boulevard Notre-Dame,43.2869293,5.373846,2026-01-02,0.883396969152812,1.0,0.0,3,Macet,0.0,0.0,0.20152725966748716,1.0,1.0,1.0,1.0,1.0,1.0,1.0,1.0,1.0,1.0,1.0,1.0,1.0,1.0,1.0,1.0,1.0,1.0,1.0,1.0,1.0
01109PMA0002,Quai du Lazaret,43.3066518,5.3657269,2026-01-02,1.0,1.0,1.0,0,Macet,1.0,1.0,1.0,1.0,1.0,1.0,1.0,1.0,1.0,1.0,1.0,1.0,1.0,1.0,1.0,1.0,1.0,1.0,1.0,1.0,1.0,1.0,1.0,1.0
00208PMA0003,Boulevard de Montricher,43.3039162,5.3931781,2026-01-02,0.5785983311070979,1.0,0.11621672897361002,16,Macet,0.3557989431926426,0.2949279028484825,0.19212671052186886,0.11621672897361002,0.13076997950498945,0.24833848124291258,0.42723207970255445,0.6037154622772801,0.7276899318252548,0.7780749619565142,0.759902303947509,0.6990241121384566,0.6404197199553785,0.6390194702407422,0.7324814256169128,0.9071030647281219,1.0,1.0,1.0,0.879044679678872,0.6224298588363667,0.4321088362324453,0.35327434263413476,0.346660950515301
00062PMA0001,Rue d'Italie,43.2863748,5.3846258,2026-01-02,0.616466518636003,0.9761629027370209,0.22651929894825934,9,Macet,0.37607400877404074,0.33718415526986983,0.2770659631904378,0.22651929894825934,0.2411781428011421,0.3588785275814076,0.5629713602351423,0.7831591418092942,0.936134238725085,0.9761629027370209,0.9184841289460167,0.821412141593002,0.7452449707820927,0.7199679702258956,0.7402976229119612,0.7816438792273651,0.8175941215897117,0.8271072435266844,0.7953120767685641,0.7173281805155678,0.6053649355190577,0.48856389351740614,0.3978223331408586,0.3437252089281864
01088PMA0002,Quai de la Tourette,43.3000719,5.363895,2026-01-02,0.8840427672622831,1.0,0.28996433853100356,0,Macet,1.0,0.951970859744265,0.7047804221524125,0.45841109917226397,0.28996433853100356,0.3075986551062759,0.5537135283770852,0.9505875112114913,1.0,1.0,1.0,1.0,1.0,1.0,1.0,1.0,1.0,1.0,1.0,1.0,1.0,1.0,1.0,1.0
01109PMA0003,Quai du Lazaret,43.3066489,5.3657484,2026-01-02,1.0,1.0,1.0,0,Macet,1.0,1.0,1.0,1.0,1.0,1.0,1.0,1.0,1.0,1.0,1.0,1.0,1.0,1.0,1.0,1.0,1.0,1.0,1.0,1.0,1.0,1.0,1.0,1.0
00092PMA0043,Boulevard Sakakini,43.2998035,5.4007351,2026-01-02,0.3736403707722633,0.47936366919988316,0.1297729791815593,9,Sedang,0.3179721326340701,0.2555478149721641,0.180207226883128,0.1297729791815593,0.138541361349071,0.2108206242136684,0.31610018922951205,0.41014395581012714,0.46428398365337964,0.47936366919988316,0.47576426046389025,0.4720047629199275,0.4720215003747334,0.469770261519971,0.4620338707541981,0.45399313264982943,0.45226928359799873,0.4548781773536844,0.4509444951915091,0.43174782256008665,0.40116200284750037,0.3728473784627132,0.35528449741983065,0.33989351529188333
00112PMA0001,Rue de l'Aviateur Le Brix,43.2589275,5.3996449,2026-01-02,9.412633264821675e-06,0.0002259031983557202,0.0,4,Lancar,0.0,0.0,0.0,0.0,0.0002259031983557202,0.0,0.0,0.0,0.0,0.0,0.0,0.0,0.0,0.0,0.0,0.0,0.0,0.0,0.0,0.0,0.0,0.0,0.0,0.0
00007PMA0001,Cours Franklin Roosevelt,43.2990442,5.3858328,2026-01-02,0.5595800850040589,1.0,0.1064346913548247,17,Macet,0.42484045670026266,0.38029333408497185,0.2567536267711487,0.13418176743071486,0.1064346913548247,0.20057244365533816,0.3611366817944953,0.5052728954420395,0.5896601964221188,0.6276095748032198,0.651445806301681,0.6702299845783861,0.6704781491053118,0.6538999695604282,0.6609082055726831,0.7417954590564443,0.8967190043221525,1.0,1.0,0.9557528077067251,0.7129153207180385,0.4847342741350265,0.3720055699642643,0.37228182061713516
00034PMA0002,Boulevard Mirabeau,43.3138146,5.368259,2026-01-02,0.8422743136188994,1.0,0.38932332211745485,7,Macet,0.7085293623524017,0.5835444644998502,0.44338030690670094,0.38932332211745485,0.47207550330544196,0.6586673447911285,0.8778093795864728,1.0,1.0,1.0,1.0,1.0,1.0,1.0,1.0,1.0,1.0,1.0,1.0,1.0,1.0,0.7905130772440528,0.6648484667277367,0.6258922993223442
00235PMA0002,Corniche du Président John Fitzgerald Kennedy,43.2806763,5.352615,2026-01-02,0.9316319811325237,1.0,0.12519141414251647,0,Macet,1.0,1.0,1.0,0.23397613303805412,0.12519141414251647,1.0,1.0,1.0,1.0,1.0,1.0,1.0,1.0,1.0,1.0,1.0,1.0,1.0,1.0,1.0,1.0,1.0,1.0,1.0
01006PMA0002,Rue George,43.2958231,5.3978732,2026-01-02,0.0,0.0,0.0,0,Lancar,0.0,0.0,0.0,0.0,0.0,0.0,0.0,0.0,0.0,0.0,0.0,0.0,0.0,0.0,0.0,0.0,0.0,0.0,0.0,0.0,0.0,0.0,0.0,0.0
00005PMA0002,La Canebière / La Canebiera,43.2962174,5.377243,2026-01-02,0.45290669682113266,0.5906823816820519,0.2366025199509265,10,Sedang,0.2918767674064654,0.3267384194461581,0.3980883592860919,0.46706072689577594,0.49857620455718,0.49190847006569033,0.4797140497581999,0.49563067676223427,0.5412844444656402,0.5845407391633186,0.5906823816820519,0.5562483864753245,0.5127861648697815,0.49710644839153884,0.5169462469418524,0.5447445265694757,0.544341536013567,0.5037349602866488,0.4425990601713665,0.38957234863267326,0.3543395077819838,0.32322682719856166,0.2814109509346761,0.2366025199509265
01017PMA0002,Avenue du Maréchal Foch,43.2990099,5.4021299,2026-01-02,0.2858776197822388,0.46144422706266514,0.10899093490730374,17,Sedang,0.19265083186115672,0.17881235741513238,0.15012860626112556,0.11920295791356798,0.10899093490730374,0.13623604209571394,0.19932459069389621,0.2783682933252988,0.3461664811396473,0.38210971817585215,0.38110175764447873,0.35430395767094447,0.3231558519965419,0.3098963159080731,0.32766668161088347,0.3734281039078876,0.42742094786747636,0.46144422706266514,0.45350716071762626,0.4009325564626446,0.32286212929324587,0.2490682560108753,0.20170760315057368,0.18257651168111957
00432PMA0001,Boulevard Chave,43.2953839,5.394157,2026-01-02,0.0,0.0,0.0,0,Lancar,0.0,0.0,0.0,0.0,0.0,0.0,0.0,0.0,0.0,0.0,0.0,0.0,0.0,0.0,0.0,0.0,0.0,0.0,0.0,0.0,0.0,0.0,0.0,0.0
